name,streetName,number,city,country,email,phoneNumber,createDateTime
Evelyn Wallace,Poti Highway,979,Ubabuwe,TW,bam@nizvucul.gd,(239) 622-8705,2070/04/30
David Flores,Jowug Manor,025,Vilvidbok,CO,dungek@ekivozti.lb,(772) 576-1531,2032/09/14
Jimmy Haynes,Evbu Key,154,Obuduizi,MQ,guwne@geput.lt,(375) 350-2319,2075/07/01
Landon Allen,Buci Court,545,Tirasico,FI,vagero@fabdit.lr,(729) 431-3122,2112/03/02
Noah Ingram,Evome Drive,124,Rofenhet,NR,sadoz@pacilgif.au,(958) 839-6220,2084/04/29
Eddie Romero,Emiok Court,782,Tokanru,ML,ume@ugilinej.gb,(981) 251-2641,2066/05/22
Marion Rowe,Nusoz Road,210,Zitaipi,UM,kevha@tu.gm,(762) 824-3698,2068/11/02
Nannie Davidson,Gaditu Mill,504,Zouvues,GR,gij@tefji.uz,(271) 690-6765,2112/08/11
Benjamin Wilkerson,Wofeb Pike,992,Ubeodoji,TH,acdegi@poduode.eu,(708) 687-6007,2091/06/26
Edwin Phelps,Orni Key,678,Nucehjak,SB,waglomuv@decok.tf,(774) 786-6642,2037/03/14
Evan Gibbs,Sezopu Court,050,Bigojbaf,MZ,boto@ji.vc,(647) 898-6305,2034/08/25
Jared Cobb,Cosu Heights,658,Buvgahse,SB,zesbi@uthit.ag,(413) 584-4249,2089/11/28
Seth Collier,Beik Ridge,073,Kejfavic,BW,muzva@dagokoru.sn,(979) 852-6723,2043/01/18
Laura Cannon,Wukpac Park,336,Gogataj,CO,bobu@ra.li,(402) 688-7913,2087/09/24
Augusta Hughes,Kemrep Way,241,Fakzisif,PK,topezesag@et.com,(953) 277-2857,2028/03/29
Kyle Cain,Zohdic Lane,065,Ajfucgek,WS,ju@uvidem.cd,(809) 294-6530,2096/04/06
Clyde McDonald,Vanepu Circle,189,Buglube,CK,heturef@ar.bb,(477) 804-2520,2114/12/08
Christopher Thompson,Kapbaz Plaza,306,Rerembo,NF,nebowzip@wevegusi.am,(801) 365-5844,2103/11/27
Mamie Perkins,Napo River,357,Ewufusic,HN,vehsa@rosji.gm,(949) 389-5027,2056/05/07
Keith Tate,Zulu Way,424,Cotlado,PT,tusuozu@joz.es,(932) 995-4463,2086/04/28
Sara Ortega,Vafo Point,977,Tuzeah,CM,udara@mawhic.al,(887) 560-8630,2056/04/11
Nettie Murray,Zainu Extension,232,Tadnuviw,TR,cevifowuz@ufabek.ao,(922) 626-6055,2069/07/31
Wesley Reed,Nuguv Circle,295,Imifuclu,TW,larelhi@usmiz.et,(631) 978-2234,2065/10/29
Beatrice Martin,Lagolo Glen,207,Soskuboki,FO,voidanus@ukoobomo.cr,(625) 923-3403,2109/02/24
Mittie Farmer,Awaat Point,756,Afikpe,PE,riipler@makuhga.bs,(512) 326-4831,2056/11/04
Mamie Baker,Zobzih Plaza,961,Mippuigo,GD,gagdod@jitgac.tc,(902) 776-8988,2111/08/08
Mathilda Nunez,Tuato Manor,488,Wuumaiko,BO,wiwu@upusuz.lr,(313) 301-9386,2120/11/26
Miguel Nichols,Nezus Pass,580,Sevuwob,LB,fe@musugo.ao,(583) 302-2810,2054/12/27
Estelle King,Milow Way,586,Siulbe,WF,jilof@jowar.ag,(459) 353-2152,2055/10/04
Luke Foster,Enuduv Turnpike,516,Vekatag,CA,rajfuvcuh@mi.nc,(810) 210-3721,2070/01/29
Christina Williamson,Bera Turnpike,767,Unisohcaf,NE,fun@okukiges.pr,(756) 895-3274,2100/08/25
Luella Shaw,Ofafi Lane,180,Gumidzaj,XK,fir@magabe.gq,(718) 510-7809,2109/12/21
Kate Blake,Feor Drive,786,Wavbuov,PH,nosaj@govturo.kz,(445) 203-1196,2036/05/21
Matilda Schwartz,Wofu Path,973,Ofahavnuz,CO,fadbi@nedu.jp,(280) 851-2252,2111/12/08
Jordan Clarke,Limoco Extension,387,Wagicita,GB,ade@zuh.tg,(389) 443-7068,2119/02/04
Henry Jackson,Nehop Loop,135,Luzkumi,VU,ud@emi.cg,(702) 853-8252,2054/05/15
Donald Crawford,Bajta Ridge,056,Suokkeg,RO,ka@lesojfur.cf,(458) 929-3695,2104/07/04
Mollie Parker,Sohwe Key,176,Cusove,FJ,iluis@ujidogkuk.sa,(635) 675-1062,2049/07/01
Erik Bridges,Ajso Boulevard,445,Comgezwal,CU,ihepuzac@mon.pf,(855) 422-2642,2121/05/10
Albert Dawson,Neab Mill,692,Seztifefe,SM,tobce@aw.sm,(925) 772-6766,2024/07/24
Glenn Houston,Ceeto Street,109,Sepokivi,PM,lazuzi@gomu.jp,(561) 801-1420,2124/07/21
Jeffrey Rivera,Ojwuj Path,629,Rofjelmus,ET,arwafog@kan.ai,(406) 557-1985,2093/03/20
Samuel Chandler,Puwev Turnpike,397,Tozocken,VI,ecafukot@livvu.sy,(883) 683-2075,2035/03/21
Dustin Franklin,Hecpiw Parkway,300,Osbivuw,SG,mivwenmi@ve.uk,(633) 312-3429,2115/02/20
Ella Norton,Rocle Court,966,Sibnuza,MN,ivikowon@ulidet.tp,(969) 610-5738,2092/10/25
Aaron Guerrero,Juvih Terrace,033,Ofkivfa,RS,mi@olta.mm,(551) 474-3015,2060/10/02
Steven Gross,Vapi Boulevard,149,Rezonar,CY,najirhus@gouluwi.su,(228) 311-3786,2073/07/24
Jeremy Richards,Kijsun Way,463,Fujotul,BF,egeukake@veh.ma,(572) 381-2640,2073/06/22
Lulu Weber,Jarhuh Grove,864,Ebrankiw,GY,cikonuw@pelessaj.ke,(921) 712-9101,2075/12/11
Larry Sullivan,Anirid Parkway,643,Bilbuket,EA,hikato@padni.sg,(765) 412-9144,2098/05/27
Alice Graham,Lamwo Junction,504,Houdaran,TM,ari@wobwut.ad,(306) 384-7101,2044/01/16
Ann Blair,Osoedo Path,697,Buzvula,GN,kac@ka.do,(456) 275-1707,2114/02/18
Thomas Sharp,Tafuka Drive,803,Benonopa,VC,taigika@kakle.mx,(983) 917-6064,2028/01/03
Lillian Guzman,Tuji View,705,Mafkipit,RE,dera@ko.to,(723) 822-4519,2124/08/03
Nellie McCarthy,Zoroz Extension,739,Odaweenu,GU,ezalipviw@usilahu.mz,(759) 234-1545,2038/08/15
Isabella Rose,Rokib Court,426,Ragilja,CG,kuwvub@niavi.sx,(414) 347-7596,2026/09/08
David Stevens,Ornuh Lane,013,Wuhhajo,PM,geen@gamvapzum.mk,(224) 222-6771,2033/09/19
Marie Yates,Fajeli Lane,726,Wicgenno,FR,suufefeh@nepow.am,(451) 581-3824,2067/03/12
Lida Shelton,Begsi Way,585,Robunufi,KE,emrufwe@mebesi.org,(859) 308-1620,2102/02/06
Landon Reyes,Hoezo River,443,Nertihezi,SE,mafozave@tamumi.ar,(922) 927-6630,2054/01/14
Marc Bush,Kume Square,278,Humopji,NI,za@idacetvar.cd,(274) 507-7301,2081/03/24
Hallie Reyes,Fajdog Trail,130,Nairoor,MP,eja@nopnaguz.me,(955) 470-9592,2040/10/22
Bobby Singleton,Olilek Parkway,964,Odduve,TC,cefis@rofeli.sr,(806) 644-2647,2116/02/16
Walter Ball,Wonfa Parkway,532,Sodlaos,BN,ensa@lokiri.gq,(875) 911-9166,2035/09/25
Hilda Cortez,Vogguv Lane,751,Laileoc,ZA,cetu@uwfam.as,(674) 350-1680,2095/01/22
Dominic Barrett,Roncu Highway,677,Zojsunu,PG,cis@dowofem.mo,(767) 854-4476,2081/11/05
Mittie Hammond,Gutcuv River,585,Lepeuk,UZ,renet@kobhusad.bn,(688) 702-9376,2096/07/21
Addie Davidson,Nipda Terrace,472,Datmaovo,TZ,eboezera@okeaflac.qa,(554) 651-4916,2081/02/27
Gussie Parker,Mifsim Parkway,508,Mupubzo,EG,nansej@havug.vi,(366) 204-4325,2108/11/03
Hannah Swanson,Ofirap Point,754,Jokfade,RE,ketrecuhu@ov.sm,(703) 620-2006,2028/04/26
Scott Kennedy,Paiz Drive,888,Sivpozgaf,TN,ca@foiw.qa,(702) 674-5389,2091/09/08
Elmer Walton,Mues Plaza,349,Vusnojjo,KI,voltep@zapur.kh,(477) 540-8224,2052/08/01
Sadie Bell,Cedav Avenue,671,Towucod,ML,waoc@cafizze.cy,(312) 692-6950,2087/11/15
Harriet Gilbert,Vabza Glen,071,Cecafci,KE,mahow@ip.gw,(408) 625-4439,2039/12/24
Lenora Miles,Detowu Extension,483,Vuekiure,TV,isobelno@ja.vn,(657) 849-7889,2027/12/28
Cody Harris,Vodif Key,193,Favsepweh,BD,zaz@ewimna.tz,(878) 917-6323,2118/11/03
Kenneth Wright,Gafur Pike,177,Wojoluaw,VG,kiw@da.bd,(622) 322-2023,2095/08/28
Birdie Rogers,Tife Plaza,284,Zolmigna,NP,miw@ziwoc.af,(879) 691-7955,2085/08/06
Adele Craig,Ocaaza Center,016,Zuvalmu,GF,nuhumlem@telis.mm,(538) 311-5450,2113/05/15
Leah Moody,Wigfa Loop,703,Cuhorsif,BF,aptaaz@buhrewuvu.sv,(334) 634-4196,2027/01/04
Ola Hopkins,Pusab Plaza,326,Lillorlel,SZ,coraize@ma.rs,(240) 206-2254,2093/07/24
Jonathan Holt,Lufbi Pass,290,Kewvemru,TV,owejarpak@hisirtef.sn,(289) 597-6646,2101/03/05
Estelle Curry,Sabez Boulevard,594,Tonmidwa,YT,zuerali@jodojiz.org,(673) 448-2627,2106/04/18
Timothy Delgado,Zuted Street,938,Ufimies,JP,du@ze.gb,(904) 897-2869,2114/06/03
Matilda Olson,Sawbe Street,998,Ovifoji,GD,tezi@ikdi.cf,(544) 284-9183,2038/05/27
Maurice Pope,Fepini Point,273,Vefuluwu,EE,okemiram@vic.com,(974) 218-7317,2027/01/28
Agnes Austin,Gunu Point,878,Fahvimgom,KG,izogeri@alkamnes.re,(486) 770-5934,2067/06/05
Brett Bush,Atmo Heights,834,Wirbewi,HT,ap@rarepwi.io,(569) 671-5377,2118/05/03
Cora Henry,Gefum Point,889,Toccela,JP,zopipahi@jiven.uy,(502) 202-2391,2123/10/27
Owen Hamilton,Bisruh Boulevard,327,Wolpohe,MW,lutis@puvused.bh,(503) 425-2231,2047/08/16
Joel Lamb,Kiva Ridge,037,Wirekizec,CM,vohahta@ajaappis.be,(412) 855-7589,2094/11/24
Ina Austin,Ezova Key,824,Tobdujin,AL,avi@tanval.sz,(763) 323-3247,2049/08/05
Ralph Perkins,Awefi Highway,604,Vafuoti,KG,je@ilrihgi.gr,(664) 228-8331,2057/01/24
Jessie Hernandez,Cevfij Court,717,Obacife,TC,ca@leka.np,(371) 231-2567,2081/09/21
Blanche Abbott,Romce Path,601,Evolaha,JM,bipdekow@ju.cd,(639) 715-8032,2071/05/04
Jesse Perez,Holori Parkway,941,Maraepu,MF,vidpav@jad.la,(715) 471-5236,2060/07/14
Milton Chapman,Ofato Center,705,Uhusouv,UA,serorvel@in.as,(973) 241-7998,2113/08/26
Alejandro Lowe,Jihfar Junction,372,Evrizdog,LK,ic@hescaki.ht,(909) 287-3647,2107/09/20
Thomas Richards,Facok Trail,511,Robfepo,LS,gi@fepal.id,(413) 663-9814,2058/06/09
Lou Paul,Pinnon Center,115,Efipizje,SD,norezece@co.no,(776) 827-4421,2056/07/22
